period,bin,predicted,observed,pitches
Postseason,1,0.059783970845836976,0.0633147113594041,537
Postseason,2,0.08924019585524791,0.11359404096834265,537
Postseason,3,0.11088364064242945,0.15111940298507462,536
Postseason,4,0.1381267667886268,0.13059701492537312,536
Postseason,5,0.1854822904517155,0.21641791044776118,536
September,1,0.059966882546815266,0.06149732620320856,748
September,2,0.0873788511779393,0.11096256684491979,748
September,3,0.11057246855046188,0.1751336898395722,748
September,4,0.1379325560386332,0.16733601070950468,747
September,5,0.18340105038216448,0.22088353413654618,747
